,0,1,accuracy,macro avg,weighted avg
precision,0.9412724306688418,0.9186046511627907,0.9300411522633745,0.9299385409158163,0.930283688175785
recall,0.9217252396166135,0.9388794567062818,0.9300411522633745,0.9303023481614476,0.9300411522633745
f1-score,0.9313962873284909,0.9286314021830394,0.9300411522633745,0.9300138447557651,0.9300559438299965
support,626.0,589.0,0.9300411522633745,1215.0,1215.0
