,0,1,accuracy,macro avg,weighted avg
precision,0.9133858267716536,0.8787878787878788,0.8966639544344996,0.8960868527797662,0.897142526538425
recall,0.8895705521472392,0.9046793760831889,0.8966639544344996,0.8971249641152141,0.8966639544344996
f1-score,0.9013209013209014,0.8915456874466269,0.8966639544344996,0.8964332943837641,0.8967315616907496
support,652.0,577.0,0.8966639544344996,1229.0,1229.0
