,0,1,accuracy,macro avg,weighted avg
precision,0.9363784665579119,0.913477537437604,0.9250411861614497,0.9249280019977579,0.9252864185161154
recall,0.9169329073482428,0.9336734693877551,0.9250411861614497,0.925303188367999,0.9250411861614497
f1-score,0.9265536723163843,0.9234650967199326,0.9250411861614497,0.9250093845181584,0.9250577230159611
support,626.0,588.0,0.9250411861614497,1214.0,1214.0
