,0,1,accuracy,macro avg,weighted avg
precision,0.9072,0.8894472361809045,0.8985270049099836,0.8983236180904522,0.8986432259497158
recall,0.8957345971563981,0.9015280135823429,0.8985270049099836,0.8986313053693705,0.8985270049099836
f1-score,0.9014308426073132,0.8954468802698144,0.8985270049099836,0.8984388614385639,0.8985465923480769
support,633.0,589.0,0.8985270049099836,1222.0,1222.0
