,0,1,accuracy,macro avg,weighted avg
precision,0.893719806763285,0.8496732026143791,0.8718572587185726,0.8716965046888321,0.8727860597792957
recall,0.8578052550231839,0.8873720136518771,0.8718572587185726,0.8725886343375305,0.8718572587185726
f1-score,0.8753943217665616,0.8681135225375626,0.8718572587185726,0.871753922152062,0.8719340230251232
support,647.0,586.0,0.8718572587185726,1233.0,1233.0
